{"cameraMode":{"drawMode":0,"name":"Shaded","section":"Shading Mode"},"sceneLighting":false,"audioPlay":false,"sceneViewState":{"m_AlwaysRefresh":false,"showFog":true,"showSkybox":false,"showFlares":true,"showImageEffects":true,"showParticleSystems":true,"showVisualEffectGraphs":true,"m_FxEnabled":true},"in2DMode":false,"pivot":{"x":1.0599031448364258,"y":0.9873843789100647,"z":-1.046897292137146},"rotation":{"x":-0.514265239238739,"y":-0.0037288565654307606,"z":0.0022390473168343307,"w":-0.8576356172561646},"size":0.18208245933055879,"orthographic":false}